{"cameraMode":{"drawMode":0,"name":"Shaded","section":"Shading Mode"},"sceneLighting":true,"audioPlay":false,"sceneViewState":{"m_AlwaysRefresh":false,"showFog":true,"showSkybox":true,"showFlares":true,"showImageEffects":true,"showParticleSystems":true,"showVisualEffectGraphs":true,"m_FxEnabled":true},"in2DMode":false,"pivot":{"x":-0.004576504230499268,"y":-0.028441427275538446,"z":-0.2819892168045044},"rotation":{"x":-0.2126459777355194,"y":-0.04366474598646164,"z":0.009512501768767834,"w":-0.9761058688163757},"size":1.9374182224273682,"orthographic":true}